,Hugo_Symbol,GENIE-S-001,GENIE-S-002,GENIE-S-003
0,ABCB11,,,
1,ABL1,0.0,0.0,0.0
2,ABL2,,,
3,ACTB,,,
4,ACVR1,0.0,0.0,0.0
5,ACVR1B,,,
6,ACVRL1,,,
7,AFF2,,,
8,AGMO,,,
9,AGO2,0.0,0.0,0.0
10,AGTR2,,,
11,AHNAK,,,
12,AHNAK2,,,
13,AKAP9,,,
14,AKT1,0.0,0.0,0.0
15,AKT2,0.0,0.0,0.0
16,AKT3,0.0,0.0,0.0
17,ALK,0.0,0.0,0.0
18,ALOX12B,0.0,0.0,0.0
19,AMER1,0.0,0.0,0.0
20,ANKRD11,0.0,0.0,0.0
21,APC,0.0,0.0,0.0
22,APEX1,,,
23,APH1A,,,
24,AR,0.0,0.0,0.0
25,ARAF,0.0,0.0,0.0
26,ARFRP1,,,
27,ARHGAP35,,,
28,ARHGEF12,,,
29,ARID1A,0.0,0.0,0.0
30,ARID1B,0.0,0.0,0.0
31,ARID2,0.0,0.0,0.0
32,ARID5B,0.0,0.0,0.0
33,ASXL1,0.0,0.0,0.0
34,ASXL2,0.0,0.0,0.0
35,ATM,0.0,0.0,0.0
36,ATP11B,,,
37,ATR,0.0,0.0,0.0
38,ATRX,0.0,0.0,0.0
39,AURKA,0.0,0.0,0.0
40,AURKB,0.0,0.0,0.0
41,AXIN1,0.0,0.0,0.0
42,AXIN2,0.0,0.0,0.0
43,AXL,0.0,0.0,0.0
44,B2M,0.0,0.0,0.0
45,BABAM1,0.0,0.0,0.0
46,BAP1,0.0,0.0,0.0
47,BARD1,0.0,0.0,0.0
48,BBC3,0.0,0.0,0.0
49,BCAS3,,,
50,BCL10,0.0,0.0,0.0
51,BCL11B,,,
52,BCL2,0.0,0.0,0.0
53,BCL2L1,0.0,0.0,0.0
54,BCL2L11,0.0,0.0,0.0
55,BCL2L12,,,
56,BCL2L2,,,
57,BCL6,0.0,0.0,0.0
58,BCL9,,,
59,BCOR,0.0,0.0,0.0
60,BCORL1,,,
61,BIRC2,,,
62,BIRC3,0.0,0.0,0.0
63,BIRC6,,,
64,BLM,0.0,0.0,0.0
65,BMPR1A,0.0,0.0,0.0
66,BRAF,0.0,0.0,0.0
67,BRCA1,0.0,0.0,0.0
68,BRCA2,0.0,0.0,0.0
69,BRCC3,,,
70,BRD3,,,
71,BRD4,0.0,0.0,0.0
72,BRE,,,
73,BRIP1,2.0,0.0,0.0
74,BRSK1,,,
75,BTG1,,,
76,BTG2,,,
77,BTK,0.0,0.0,0.0
78,BUB1B,,,
79,CACNA2D3,,,
80,CADM2,,,
81,CALR,0.0,0.0,0.0
82,CARD11,0.0,0.0,0.0
83,CARM1,0.0,0.0,0.0
84,CASP8,0.0,0.0,0.0
85,CBFA2T3,,,
86,CBFB,0.0,0.0,0.0
87,CBL,0.0,0.0,0.0
88,CBLB,,,
89,CCND1,0.0,0.0,0.0
90,CCND2,0.0,0.0,0.0
91,CCND3,0.0,0.0,0.0
92,CCNE1,0.0,2.0,0.0
93,CD274,0.0,0.0,0.0
94,CD276,0.0,0.0,0.0
95,CD36,,,
96,CD44,,,
97,CD58,,,
98,CD70,,,
99,CD79A,0.0,0.0,0.0
100,CD79B,0.0,0.0,0.0
101,CDC42,0.0,0.0,0.0
102,CDC73,0.0,0.0,0.0
103,CDH1,0.0,0.0,0.0
104,CDH4,,,
105,CDK1,,,
106,CDK12,0.0,0.0,0.0
107,CDK2,,,
108,CDK4,0.0,0.0,0.0
109,CDK5,,,
110,CDK6,0.0,0.0,0.0
111,CDK8,0.0,0.0,0.0
112,CDK9,,,
113,CDKN1A,0.0,0.0,0.0
114,CDKN1B,0.0,0.0,0.0
115,CDKN1C,,,
116,CDKN2A,0.0,0.0,0.0
117,CDKN2B,0.0,0.0,0.0
118,CDKN2C,0.0,0.0,0.0
119,CEBPA,0.0,0.0,0.0
120,CENPA,0.0,0.0,0.0
121,CHD1,,,
122,CHD2,,,
123,CHD4,,,
124,CHEK1,0.0,0.0,0.0
125,CHEK2,0.0,0.0,0.0
126,CIC,0.0,0.0,0.0
127,CIITA,,,
128,CKS1B,,,
129,CLK3,,,
130,CLRN2,,,
131,COL12A1,,,
132,COL22A1,,,
133,COL6A3,,,
134,COL7A1,,,
135,CREBBP,0.0,0.0,0.0
136,CRKL,2.0,0.0,0.0
137,CRLF2,0.0,0.0,0.0
138,CRTC1,,,
139,CRTC2,,,
140,CSDE1,0.0,0.0,0.0
141,CSF1R,0.0,0.0,0.0
142,CSF3R,0.0,0.0,0.0
143,CSNK2A1,,,
144,CTCF,0.0,0.0,0.0
145,CTLA4,0.0,0.0,0.0
146,CTNNA1,,,
147,CTNNA3,,,
148,CTNNB1,0.0,0.0,0.0
149,CUL3,0.0,0.0,0.0
150,CUX1,,,
151,CXCR4,0.0,0.0,0.0
152,CYLD,0.0,0.0,0.0
153,CYSLTR2,0.0,0.0,0.0
154,DAXX,0.0,0.0,0.0
155,DCAF4L2,,,
156,DCLRE1C,,,
157,DCUN1D1,0.0,0.0,0.0
158,DDB1,,,
159,DDB2,,,
160,DDR2,0.0,0.0,0.0
161,DEPDC5,,,
162,DICER1,0.0,0.0,0.0
163,DIS3,0.0,0.0,0.0
164,DIS3L2,,,
165,DKC1,,,
166,DMC1,,,
167,DMD,,,
168,DNAH11,,,
169,DNAH2,,,
170,DNAH5,,,
171,DNAJB1,0.0,0.0,0.0
172,DNM2,,,
173,DNMT1,0.0,0.0,0.0
174,DNMT3A,0.0,0.0,0.0
175,DNMT3B,0.0,0.0,0.0
176,DOCK8,,,
177,DOT1L,0.0,0.0,0.0
178,DROSHA,0.0,0.0,0.0
179,DTWD2,,,
180,DUSP4,0.0,0.0,0.0
181,E2F3,0.0,0.0,0.0
182,EED,0.0,0.0,0.0
183,EGFL7,0.0,0.0,0.0
184,EGFR,0.0,2.0,0.0
185,EGLN1,,,
186,EIF1AX,0.0,0.0,0.0
187,EIF4A2,0.0,0.0,0.0
188,EIF4E,0.0,0.0,0.0
189,ELANE,,,
190,ELF3,0.0,0.0,0.0
191,EME1,,,
192,ENG,,,
193,EP300,0.0,0.0,0.0
194,EPAS1,0.0,0.0,0.0
195,EPCAM,0.0,0.0,0.0
196,EPHA3,0.0,0.0,0.0
197,EPHA5,0.0,0.0,0.0
198,EPHA7,0.0,0.0,0.0
199,EPHB1,0.0,0.0,0.0
200,ERBB2,0.0,0.0,0.0
201,ERBB3,0.0,0.0,0.0
202,ERBB4,0.0,0.0,0.0
203,ERCC1,,,
204,ERCC2,0.0,0.0,0.0
205,ERCC3,0.0,0.0,0.0
206,ERCC4,0.0,0.0,0.0
207,ERCC5,0.0,0.0,0.0
208,ERCC6,,,
209,ERF,0.0,0.0,0.0
210,ERG,0.0,0.0,0.0
211,ERRFI1,0.0,0.0,0.0
212,ESR1,0.0,0.0,0.0
213,ETS1,,,
214,ETV1,0.0,0.0,0.0
215,ETV4,,,
216,ETV5,,,
217,ETV6,0.0,0.0,0.0
218,EWSR1,,,
219,EXO1,,,
220,EXT1,,,
221,EXT2,,,
222,EZH1,0.0,0.0,0.0
223,EZH2,0.0,0.0,0.0
224,FAH,,,
225,FAM175A,0.0,0.0,0.0
226,FAM20C,,,
227,FAM46C,0.0,0.0,0.0
228,FAM58A,0.0,0.0,0.0
229,FAN1,,,
230,FANCA,0.0,0.0,0.0
231,FANCB,,,
232,FANCC,0.0,0.0,0.0
233,FANCD2,,,
234,FANCE,,,
235,FANCF,,,
236,FANCG,,,
237,FANCI,,,
238,FANCL,,,
239,FANCM,,,
240,FAS,,,
241,FAT1,0.0,0.0,0.0
242,FBXW7,0.0,0.0,0.0
243,FGF10,,,
244,FGF14,,,
245,FGF19,0.0,0.0,0.0
246,FGF23,,,
247,FGF3,0.0,0.0,0.0
248,FGF4,0.0,0.0,0.0
249,FGF6,,,
250,FGFR1,0.0,0.0,0.0
251,FGFR2,0.0,0.0,0.0
252,FGFR3,0.0,0.0,0.0
253,FGFR4,0.0,0.0,0.0
254,FH,0.0,0.0,0.0
255,FKBP9,,,
256,FLCN,0.0,0.0,0.0
257,FLT1,0.0,0.0,0.0
258,FLT3,0.0,0.0,0.0
259,FLT4,0.0,0.0,0.0
260,FOXA1,0.0,0.0,0.0
261,FOXL2,0.0,0.0,0.0
262,FOXO1,0.0,0.0,0.0
263,FOXO3,,,
264,FOXP1,0.0,0.0,0.0
265,FRMD3,,,
266,FRS2,,,
267,FUBP1,0.0,0.0,0.0
268,FUS,,,
269,FYN,0.0,0.0,0.0
270,GABRA6,,,
271,GADD45B,,,
272,GALNT12,,,
273,GAS6,,,
274,GATA1,0.0,0.0,0.0
275,GATA2,0.0,0.0,0.0
276,GATA3,0.0,0.0,0.0
277,GATA4,,,
278,GATA6,,,
279,GBA,,,
280,GEN1,,,
281,GH1,,,
282,GID4,,,
283,GLDC,,,
284,GLI1,0.0,0.0,0.0
285,GLI2,,,
286,GLI3,,,
287,GNA11,0.0,0.0,0.0
288,GNA13,,,
289,GNAQ,0.0,0.0,0.0
290,GNAS,0.0,0.0,0.0
291,GPC3,,,
292,GPR124,,,
293,GPR32,,,
294,GPS2,0.0,0.0,0.0
295,GREM1,0.0,0.0,0.0
296,GRIN2A,0.0,0.0,0.0
297,GRM3,,,
298,GSK3B,0.0,0.0,0.0
299,GSTM5,,,
300,H19,,,
301,H3F3A,0.0,0.0,0.0
302,H3F3B,0.0,0.0,0.0
303,H3F3C,0.0,0.0,0.0
304,HABP2,,,
305,HDAC9,,,
306,HELQ,,,
307,HERC2,,,
308,HFE,,,
309,HGF,0.0,0.0,0.0
310,HIST1H1C,0.0,0.0,0.0
311,HIST1H2AC,,,
312,HIST1H2AM,,,
313,HIST1H2BC,,,
314,HIST1H2BD,0.0,0.0,0.0
315,HIST1H2BO,,,
316,HIST1H3A,0.0,0.0,0.0
317,HIST1H3B,0.0,0.0,0.0
318,HIST1H3C,0.0,0.0,0.0
319,HIST1H3D,0.0,0.0,0.0
320,HIST1H3E,0.0,0.0,0.0
321,HIST1H3F,0.0,0.0,0.0
322,HIST1H3G,0.0,0.0,0.0
323,HIST1H3H,0.0,0.0,0.0
324,HIST1H3I,0.0,0.0,0.0
325,HIST1H3J,0.0,0.0,0.0
326,HIST2H3C,0.0,0.0,0.0
327,HIST2H3D,0.0,0.0,0.0
328,HIST3H3,0.0,0.0,0.0
329,HLA-A,0.0,0.0,0.0
330,HLA-B,0.0,0.0,0.0
331,HMBS,,,
332,HNF1A,0.0,0.0,0.0
333,HOXB13,0.0,0.0,0.0
334,HRAS,0.0,0.0,0.0
335,HSD3B1,,,
336,HSP90AA1,,,
337,ICOSLG,0.0,0.0,0.0
338,ID3,0.0,0.0,0.0
339,ID4,,,
340,IDH1,0.0,0.0,0.0
341,IDH2,0.0,0.0,0.0
342,IFITM1,,,
343,IFITM3,,,
344,IFNGR1,0.0,0.0,0.0
345,IGF1,0.0,0.0,0.0
346,IGF1R,0.0,0.0,0.0
347,IGF2,0.0,0.0,0.0
348,IKBKE,0.0,0.0,0.0
349,IKZF1,0.0,0.0,0.0
350,IKZF2,,,
351,IKZF3,,,
352,IL10,0.0,0.0,0.0
353,IL6,,,
354,IL7R,0.0,0.0,0.0
355,INHA,0.0,0.0,0.0
356,INHBA,0.0,0.0,0.0
357,INPP4A,0.0,0.0,0.0
358,INPP4B,0.0,0.0,0.0
359,INPPL1,0.0,0.0,0.0
360,INSIG1,,,
361,INSR,0.0,0.0,0.0
362,IRF2,,,
363,IRF4,0.0,0.0,0.0
364,IRS1,0.0,0.0,0.0
365,IRS2,0.0,0.0,0.0
366,ITK,,,
367,JAK1,0.0,0.0,0.0
368,JAK2,0.0,0.0,0.0
369,JAK3,0.0,0.0,0.0
370,JAZF1,,,
371,JUN,0.0,0.0,0.0
372,KAT6A,,,
373,KAT6B,,,
374,KCNIP1,,,
375,KCNQ1,,,
376,KDM2B,,,
377,KDM3A,,,
378,KDM5A,0.0,0.0,0.0
379,KDM5C,0.0,0.0,0.0
380,KDM6A,0.0,0.0,0.0
381,KDM6B,,,
382,KDR,0.0,0.0,0.0
383,KEAP1,0.0,0.0,0.0
384,KEL,,,
385,KIF1B,,,
386,KIT,0.0,0.0,0.0
387,KLF2,,,
388,KLF4,0.0,0.0,0.0
389,KLHL6,,,
390,KLLN,,,
391,KLRG1,,,
392,KMT2A,0.0,0.0,0.0
393,KMT2B,0.0,0.0,0.0
394,KMT2C,0.0,0.0,0.0
395,KMT2D,0.0,0.0,0.0
396,KNSTRN,0.0,0.0,0.0
397,KRAS,0.0,0.0,0.0
398,L1CAM,,,
399,LAMA2,,,
400,LAMB3,,,
401,LARGE,,,
402,LATS1,0.0,0.0,0.0
403,LATS2,0.0,0.0,0.0
404,LDLRAP1,,,
405,LIFR,,,
406,LIG4,,,
407,LINC00894,,,
408,LIPI,,,
409,LMO1,0.0,0.0,0.0
410,LMO2,,,
411,LMO3,,,
412,LONP2,,,
413,LRP1B,,,
414,LYN,0.0,0.0,0.0
415,LZTR1,,,
416,MAF,,,
417,MAFB,,,
418,MAGEA8,,,
419,MAGI2,,,
420,MAGOH,,,
421,MALT1,0.0,0.0,0.0
422,MAP2K1,0.0,0.0,0.0
423,MAP2K2,0.0,0.0,0.0
424,MAP2K4,0.0,0.0,0.0
425,MAP3K1,0.0,0.0,0.0
426,MAP3K10,,,
427,MAP3K13,0.0,0.0,0.0
428,MAP3K14,0.0,0.0,0.0
429,MAPK1,2.0,0.0,0.0
430,MAPK3,0.0,0.0,0.0
431,MAPKAP1,0.0,0.0,0.0
432,MAX,0.0,0.0,0.0
433,MBD4,,,
434,MBL2,,,
435,MCL1,0.0,0.0,0.0
436,MCM8,,,
437,MDC1,0.0,0.0,0.0
438,MDM2,0.0,0.0,0.0
439,MDM4,0.0,0.0,0.0
440,MECOM,,,
441,MED12,0.0,0.0,0.0
442,MEF2B,0.0,0.0,0.0
443,MEF2C,,,
444,MEN1,0.0,0.0,0.0
445,MET,0.0,0.0,0.0
446,MGA,0.0,0.0,0.0
447,MITF,0.0,0.0,0.0
448,MLH1,0.0,0.0,0.0
449,MLH3,,,
450,MLLT4,,,
451,MPL,0.0,0.0,0.0
452,MRE11A,0.0,0.0,0.0
453,MSH2,0.0,0.0,0.0
454,MSH3,0.0,0.0,0.0
455,MSH6,0.0,0.0,0.0
456,MSI1,0.0,0.0,0.0
457,MSI2,0.0,0.0,0.0
458,MST1,0.0,0.0,0.0
459,MST1R,0.0,0.0,0.0
460,MTA1,,,
461,MTAP,,,
462,MTOR,0.0,0.0,0.0
463,MUC16,,,
464,MUS81,,,
465,MUTYH,0.0,0.0,0.0
466,MYB,,,
467,MYBL1,,,
468,MYC,0.0,0.0,0.0
469,MYCL,0.0,0.0,0.0
470,MYCN,0.0,0.0,0.0
471,MYD88,0.0,0.0,0.0
472,MYH9,,,
473,MYO18A,,,
474,MYO1A,,,
475,MYO3A,,,
476,MYOD1,0.0,0.0,0.0
477,NBN,0.0,0.0,0.0
478,NCOA3,0.0,0.0,0.0
479,NCOR1,0.0,0.0,0.0
480,NCOR2,,,
481,NCSTN,,,
482,NDFIP1,,,
483,NEGR1,0.0,0.0,0.0
484,NEIL1,,,
485,NEIL2,,,
486,NEIL3,,,
487,NEK1,,,
488,NF1,0.0,0.0,0.0
489,NF2,0.0,0.0,0.0
490,NFE2L2,0.0,0.0,0.0
491,NFKBIA,0.0,0.0,0.0
492,NFKBIE,,,
493,NFKBIZ,,,
494,NKX2-1,0.0,0.0,0.0
495,NKX2-8,,,
496,NKX3-1,0.0,0.0,0.0
497,NOTCH1,0.0,0.0,0.0
498,NOTCH2,0.0,0.0,0.0
499,NOTCH3,0.0,0.0,0.0
500,NOTCH4,0.0,0.0,0.0
501,NPM1,0.0,0.0,0.0
502,NPNT,,,
503,NPRL2,,,
504,NPRL3,,,
505,NR0B1,,,
506,NR2F1,,,
507,NR3C1,,,
508,NRAS,0.0,0.0,0.0
509,NRG1,,,
510,NRG3,,,
511,NSD1,0.0,0.0,0.0
512,NT5C2,,,
513,NT5E,,,
514,NTHL1,0.0,0.0,0.0
515,NTRK1,0.0,0.0,0.0
516,NTRK2,0.0,0.0,0.0
517,NTRK3,0.0,0.0,0.0
518,NUF2,0.0,0.0,0.0
519,NUP93,0.0,0.0,0.0
520,OGG1,,,
521,OR6A2,,,
522,PAG1,,,
523,PAK1,0.0,0.0,0.0
524,PAK3,,,
525,PAK7,0.0,0.0,0.0
526,PALB2,0.0,0.0,0.0
527,PALLD,,,
528,PARK2,0.0,0.0,0.0
529,PARP1,0.0,0.0,0.0
530,PAX5,0.0,0.0,0.0
531,PAXIP1,,,
532,PBRM1,0.0,0.0,0.0
533,PDCD1,0.0,0.0,0.0
534,PDCD1LG2,0.0,0.0,0.0
535,PDE4DIP,,,
536,PDGFRA,0.0,0.0,0.0
537,PDGFRB,0.0,0.0,0.0
538,PDK1,,,
539,PDPK1,0.0,0.0,0.0
540,PGR,0.0,0.0,0.0
541,PHF6,,,
542,PHOX2B,0.0,0.0,0.0
543,PIK3C2B,,,
544,PIK3C2G,0.0,0.0,0.0
545,PIK3C3,0.0,0.0,0.0
546,PIK3CA,0.0,0.0,0.0
547,PIK3CB,0.0,0.0,0.0
548,PIK3CD,0.0,0.0,0.0
549,PIK3CG,0.0,0.0,0.0
550,PIK3R1,0.0,0.0,0.0
551,PIK3R2,0.0,0.0,0.0
552,PIK3R3,0.0,0.0,0.0
553,PIM1,0.0,0.0,0.0
554,PLCG2,0.0,0.0,0.0
555,PLK2,0.0,0.0,0.0
556,PMAIP1,0.0,0.0,0.0
557,PML,,,
558,PMS1,0.0,0.0,0.0
559,PMS2,0.0,0.0,0.0
560,PNKP,,,
561,PNP,,,
562,PNRC1,0.0,0.0,0.0
563,POLB,,,
564,POLD1,0.0,0.0,0.0
565,POLE,0.0,0.0,0.0
566,POLH,,,
567,POLQ,,,
568,POT1,,,
569,PPARG,0.0,0.0,2.0
570,PPM1D,0.0,0.0,0.0
571,PPP2CB,,,
572,PPP2R1A,0.0,0.0,0.0
573,PPP2R2A,,,
574,PPP4R2,0.0,0.0,0.0
575,PPP6C,0.0,0.0,0.0
576,PRAME,,,
577,PRDM1,0.0,0.0,0.0
578,PRDM14,0.0,0.0,0.0
579,PREX2,0.0,0.0,0.0
580,PRF1,,,
581,PRKACG,,,
582,PRKAR1A,0.0,0.0,0.0
583,PRKCE,,,
584,PRKCI,0.0,0.0,0.0
585,PRKCQ,,,
586,PRKCZ,,,
587,PRKD1,0.0,0.0,0.0
588,PRKDC,,,
589,PRKG1,,,
590,PRPF40B,,,
591,PRPF8,,,
592,PRPS2,,,
593,PRR16,,,
594,PRSS1,,,
595,PRSS8,,,
596,PSMD13,,,
597,PTCH1,0.0,0.0,0.0
598,PTEN,0.0,0.0,0.0
599,PTK2,,,
600,PTK2B,,,
601,PTP4A1,0.0,0.0,0.0
602,PTPN11,0.0,0.0,0.0
603,PTPN14,,,
604,PTPN22,,,
605,PTPN6,,,
606,PTPRD,0.0,0.0,0.0
607,PTPRM,,,
608,PTPRO,,,
609,PTPRS,0.0,0.0,0.0
610,PTPRT,0.0,0.0,0.0
611,PVRL4,,,
612,QKI,,,
613,RAB35,0.0,0.0,0.0
614,RAC1,0.0,0.0,0.0
615,RAC2,0.0,0.0,0.0
616,RAD21,0.0,0.0,0.0
617,RAD50,0.0,0.0,0.0
618,RAD51,0.0,0.0,0.0
619,RAD51B,0.0,0.0,0.0
620,RAD51C,0.0,0.0,0.0
621,RAD51D,0.0,0.0,0.0
622,RAD52,0.0,0.0,0.0
623,RAD54B,,,
624,RAD54L,0.0,0.0,0.0
625,RAF1,0.0,0.0,2.0
626,RANBP2,,,
627,RARA,0.0,0.0,0.0
628,RASA1,0.0,0.0,0.0
629,RASGEF1B,,,
630,RB1,0.0,0.0,0.0
631,RBBP8,,,
632,RBL2,,,
633,RBM10,0.0,0.0,0.0
634,RECQL,0.0,0.0,0.0
635,RECQL4,0.0,0.0,0.0
636,REL,0.0,0.0,0.0
637,RELA,,,
638,RET,0.0,0.0,0.0
639,RFWD2,0.0,0.0,0.0
640,RHBDF2,,,
641,RHEB,0.0,0.0,0.0
642,RHOA,0.0,0.0,0.0
643,RHOH,,,
644,RHOT1,,,
645,RHPN2,,,
646,RICTOR,0.0,0.0,0.0
647,RIF1,,,
648,RINT1,,,
649,RIT1,0.0,0.0,0.0
650,RNF43,0.0,0.0,0.0
651,RNF8,,,
652,ROS1,0.0,0.0,0.0
653,RPA1,,,
654,RPGR,,,
655,RPL26,,,
656,RPS6KA4,0.0,0.0,0.0
657,RPS6KB1,,,
658,RPS6KB2,0.0,0.0,0.0
659,RPTOR,0.0,0.0,0.0
660,RRAGC,0.0,0.0,0.0
661,RRAS,0.0,0.0,0.0
662,RRAS2,0.0,0.0,0.0
663,RSPO2,,,
664,RSPO3,,,
665,RTEL1,0.0,0.0,0.0
666,RUNX1,0.0,0.0,0.0
667,RUNX1T1,,,
668,RXRA,0.0,0.0,0.0
669,RYBP,0.0,0.0,0.0
670,RYR2,,,
671,SBDS,,,
672,SBNO1,,,
673,SDHA,0.0,0.0,0.0
674,SDHAF2,0.0,0.0,0.0
675,SDHB,0.0,0.0,0.0
676,SDHC,0.0,0.0,0.0
677,SDHD,0.0,0.0,0.0
678,SERPINA1,,,
679,SESN1,0.0,0.0,0.0
680,SESN2,0.0,0.0,0.0
681,SESN3,0.0,0.0,0.0
682,SETBP1,,,
683,SETD1A,,,
684,SETD2,0.0,0.0,0.0
685,SETD8,0.0,0.0,0.0
686,SETDB1,,,
687,SF1,,,
688,SF3B1,0.0,0.0,0.0
689,SGCD,,,
690,SH2B3,0.0,0.0,0.0
691,SH2D1A,0.0,0.0,0.0
692,SHANK2,,,
693,SHOC2,0.0,0.0,0.0
694,SHQ1,0.0,0.0,0.0
695,SIAH1,,,
696,SIK1,,,
697,SIK2,,,
698,SLC25A13,,,
699,SLC34A2,,,
700,SLITRK6,,,
701,SLX1A,,,
702,SLX1B,,,
703,SLX4,0.0,0.0,0.0
704,SMAD2,0.0,0.0,0.0
705,SMAD3,0.0,0.0,0.0
706,SMAD4,0.0,0.0,0.0
707,SMARCA1,,,
708,SMARCA4,0.0,0.0,0.0
709,SMARCB1,0.0,0.0,0.0
710,SMARCC1,,,
711,SMARCC2,,,
712,SMARCD1,0.0,0.0,0.0
713,SMARCE1,,,
714,SMC1A,,,
715,SMC3,,,
716,SMO,0.0,0.0,0.0
717,SMYD3,0.0,0.0,0.0
718,SNCAIP,,,
719,SOCS1,0.0,0.0,0.0
720,SOCS2,,,
721,SOS1,0.0,0.0,0.0
722,SOX10,,,
723,SOX17,0.0,0.0,0.0
724,SOX2,0.0,0.0,0.0
725,SOX9,0.0,0.0,0.0
726,SPACA1,,,
727,SPEN,0.0,0.0,0.0
728,SPOP,2.0,0.0,0.0
729,SPRED1,0.0,0.0,0.0
730,SPTA1,,,
731,SQSTM1,,,
732,SRC,0.0,0.0,0.0
733,SRSF2,0.0,0.0,0.0
734,SS18,,,
735,STAB2,,,
736,STAG1,,,
737,STAG2,0.0,0.0,0.0
738,STAT3,0.0,0.0,0.0
739,STAT4,,,
740,STAT5A,0.0,0.0,0.0
741,STAT5B,0.0,0.0,0.0
742,STAT6,,,
743,STK11,0.0,0.0,0.0
744,STK19,0.0,0.0,0.0
745,STK40,0.0,0.0,0.0
746,STMN2,,,
747,SUFU,0.0,0.0,0.0
748,SUZ12,0.0,0.0,0.0
749,SYK,0.0,0.0,0.0
750,SYNE1,,,
751,TAF1,,,
752,TAF4B,,,
753,TAL1,,,
754,TAL2,,,
755,TAP1,0.0,0.0,0.0
756,TAP2,0.0,0.0,0.0
757,TAZ,,,
758,TBL1XR1,,,
759,TBX3,0.0,0.0,0.0
760,TCEB1,0.0,0.0,0.0
761,TCF3,0.0,0.0,0.0
762,TCF7L1,,,
763,TCF7L2,0.0,0.0,0.0
764,TDG,,,
765,TEK,0.0,0.0,0.0
766,TERC,,,
767,TERT,0.0,0.0,0.0
768,TET1,0.0,0.0,0.0
769,TET2,0.0,0.0,0.0
770,TFE3,,,
771,TG,,,
772,TGFBR1,0.0,0.0,0.0
773,TGFBR2,0.0,0.0,0.0
774,THADA,,,
775,THSD7A,,,
776,TIAF1,,,
777,TLR4,,,
778,TLX3,,,
779,TMEM127,0.0,0.0,0.0
780,TMPRSS2,0.0,0.0,0.0
781,TNFAIP3,0.0,0.0,0.0
782,TNFRSF14,0.0,0.0,0.0
783,TOP1,0.0,0.0,0.0
784,TOP2A,,,
785,TOPBP1,,,
786,TP53,0.0,0.0,0.0
787,TP53BP1,0.0,0.0,0.0
788,TP63,0.0,0.0,0.0
789,TRAF2,0.0,0.0,0.0
790,TRAF3,,,
791,TRAF7,0.0,0.0,0.0
792,TRIM37,,,
793,TSC1,0.0,0.0,0.0
794,TSC2,0.0,0.0,0.0
795,TSHR,0.0,0.0,0.0
796,TTYH1,,,
797,TUSC3,,,
798,TYK2,,,
799,U2AF1,0.0,0.0,0.0
800,UBE2T,,,
801,UBR5,,,
802,UIMC1,,,
803,UPF1,0.0,0.0,0.0
804,UROD,,,
805,USH2A,,,
806,USP28,,,
807,USP8,,,
808,USP9X,,,
809,UTRN,,,
810,VEGFA,0.0,0.0,0.0
811,VHL,0.0,0.0,0.0
812,VTCN1,0.0,0.0,0.0
813,WAS,,,
814,WHSC1,0.0,0.0,0.0
815,WHSC1L1,0.0,0.0,0.0
816,WISP3,,,
817,WRN,,,
818,WT1,0.0,0.0,0.0
819,WWTR1,0.0,0.0,0.0
820,XBP1,,,
821,XIAP,0.0,0.0,0.0
822,XPA,,,
823,XPC,,,
824,XPO1,0.0,0.0,0.0
825,XRCC1,,,
826,XRCC2,0.0,0.0,0.0
827,XRCC3,,,
828,XRCC4,,,
829,XRCC5,,,
830,XRCC6,,,
831,YAP1,0.0,0.0,0.0
832,YES1,0.0,0.0,0.0
833,YY1AP1,,,
834,ZBTB2,,,
835,ZFHX3,0.0,0.0,0.0
836,ZFP36L1,,,
837,ZNF217,,,
838,ZNF703,,,
839,ZNF708,,,
840,ZNRF3,,,
841,ZRSR2,0.0,0.0,0.0
